id,first_name,last_name,email,gender,ip_address
1,Eddie,Degnen,edegnen0@bandcamp.com,Male,155.152.169.146
2,Elyssa,Lebrun,elebrun1@naver.com,Female,165.120.103.173
3,Edeline,Bonnaire,ebonnaire2@edublogs.org,Female,141.147.0.140
4,Michel,Schistl,mschistl3@github.com,Female,224.198.135.92
5,Adolph,Blucher,ablucher4@is.gd,Male,233.146.88.191
6,Dode,Pumphreys,dpumphreys5@netlog.com,Female,146.109.94.207
7,Lin,Jarrette,ljarrette6@psu.edu,Female,65.234.196.9
8,Andie,Ridger,aridger7@time.com,Female,94.34.13.201
9,Maressa,Friel,mfriel8@fotki.com,Polygender,70.201.49.16
10,Nil,Yakushkev,nyakushkev9@amazon.co.jp,Male,59.36.9.125
11,Hadley,Grantham,hgranthama@webmd.com,Male,10.250.245.58
12,Thurstan,Fallanche,tfallancheb@about.com,Male,115.111.221.203
13,Tabina,Lamerton,tlamertonc@rakuten.co.jp,Female,111.75.0.236
14,Kippie,Dewis,kdewisd@msn.com,Female,209.107.75.170
15,Meara,Cunniam,mcunniame@home.pl,Genderfluid,106.95.232.19
16,Cynde,Tewelson,ctewelsonf@washington.edu,Female,23.104.114.217
17,Christiane,Kuban,ckubang@statcounter.com,Female,4.216.226.148
18,Berton,Plane,bplaneh@pbs.org,Male,17.152.42.37
19,Ambrosi,Shillam,ashillami@tiny.cc,Male,200.226.28.17
20,Lilla,Truluck,ltruluckj@wikimedia.org,Female,199.235.47.25
21,Sergent,Warriner,swarrinerk@youtube.com,Polygender,10.199.42.159
22,Lisabeth,Mithan,lmithanl@webs.com,Female,22.215.244.174
23,Dillie,Spargo,dspargom@weibo.com,Agender,75.40.42.207
24,Salmon,Manuely,smanuelyn@reference.com,Male,76.88.75.34
25,Zach,Fitzroy,zfitzroyo@opera.com,Male,180.59.76.5
26,Sargent,Doel,sdoelp@myspace.com,Male,157.218.203.98
27,Ray,McNabb,rmcnabbq@chron.com,Female,32.59.67.55
28,Willi,Chree,wchreer@prlog.org,Polygender,17.72.83.60
29,Kylen,Drever,kdrevers@businessweek.com,Female,9.169.38.75
30,Harp,Musgrave,hmusgravet@java.com,Male,142.233.13.10
31,Zsa zsa,Camble,zcambleu@github.io,Female,223.18.141.69
32,Nessy,Cocozza,ncocozzav@epa.gov,Female,144.112.235.95
33,Hailey,Petford,hpetfordw@oakley.com,Male,182.91.166.80
34,Bob,Statersfield,bstatersfieldx@go.com,Male,243.143.248.196
35,Keeley,Vannah,kvannahy@youku.com,Female,102.248.36.242
36,Gabby,Bettington,gbettingtonz@youtu.be,Male,14.253.3.56
37,Muffin,Minett,mminett10@sitemeter.com,Male,188.14.99.12
38,Zebadiah,Blatherwick,zblatherwick11@twitter.com,Male,117.247.211.5
39,Jacklyn,Scoone,jscoone12@macromedia.com,Female,194.206.218.180
40,Mariska,Heinrich,mheinrich13@wordpress.com,Polygender,26.47.13.230
41,Hortensia,Gange,hgange14@hp.com,Female,13.228.125.15
42,Reyna,Keneforde,rkeneforde15@printfriendly.com,Female,30.121.226.167
43,Vickie,Mingotti,vmingotti16@comsenz.com,Female,157.213.188.15
44,Gabey,Cowden,gcowden17@linkedin.com,Agender,78.2.224.87
45,Eugenius,Reed,ereed18@ibm.com,Male,123.164.248.168
46,Eduard,Pirnie,epirnie19@networksolutions.com,Male,51.218.246.73
47,Jacynth,Skittles,jskittles1a@cafepress.com,Polygender,1.153.158.183
48,Brenda,Shenfish,bshenfish1b@youtu.be,Female,186.75.68.135
49,Edsel,Urey,eurey1c@example.com,Male,234.168.33.168
50,Layney,Dwyr,ldwyr1d@t.co,Polygender,90.228.84.129
51,Herb,Lube,hlube1e@abc.net.au,Male,49.31.76.39
52,Bartlet,Pechan,bpechan1f@de.vu,Male,203.102.230.124
53,Emlyn,Vooght,evooght1g@unc.edu,Female,244.29.136.205
54,Guglielma,Gatfield,ggatfield1h@cdbaby.com,Female,44.44.38.82
55,Caz,Woodfin,cwoodfin1i@about.me,Male,143.234.250.239
56,Gigi,Brandsma,gbrandsma1j@patch.com,Female,51.217.234.125
57,Mary,Langlais,mlanglais1k@oakley.com,Female,166.185.40.123
58,Elmer,Boykett,eboykett1l@usa.gov,Male,237.230.123.169
59,Kenneth,Nichol,knichol1m@toplist.cz,Non-binary,53.205.129.242
60,Heath,Naisey,hnaisey1n@kickstarter.com,Male,18.36.138.32
61,Bale,Cancellario,bcancellario1o@about.com,Male,28.163.95.222
62,Dorthea,Croal,dcroal1p@bloomberg.com,Bigender,186.104.157.255
63,Lethia,Parnham,lparnham1q@wix.com,Female,94.238.102.17
64,Elayne,Seagrave,eseagrave1r@umn.edu,Female,233.70.184.211
65,Noah,Augustine,naugustine1s@narod.ru,Male,152.251.79.226
66,Vania,Twidale,vtwidale1t@seattletimes.com,Female,107.82.102.52
67,Henrieta,Gonzalo,hgonzalo1u@cisco.com,Female,209.116.23.34
68,Isac,Riddington,iriddington1v@ycombinator.com,Male,121.231.59.203
69,Stevie,Reyna,sreyna1w@t-online.de,Male,225.189.171.162
70,Richardo,McIvor,rmcivor1x@hc360.com,Polygender,56.222.229.7
71,Nita,Rennox,nrennox1y@ycombinator.com,Female,126.85.216.128
72,Lidia,Verny,lverny1z@xinhuanet.com,Female,230.172.14.158
73,Otho,Moyle,omoyle20@scribd.com,Male,251.107.157.172
74,Korey,O'Carran,kocarran21@addtoany.com,Male,161.118.238.237
75,Ashlin,Vasyutochkin,avasyutochkin22@economist.com,Male,170.45.223.45
76,Sile,Tabary,stabary23@goo.ne.jp,Female,134.162.12.173
77,Kessia,Worsalls,kworsalls24@epa.gov,Female,20.92.156.51
78,Wait,Giacomoni,wgiacomoni25@t-online.de,Male,120.222.42.70
79,Jenna,Laval,jlaval26@uol.com.br,Female,134.14.171.207
80,Eada,Steadman,esteadman27@examiner.com,Female,203.66.22.116
81,Charlie,Dennidge,cdennidge28@foxnews.com,Male,61.60.194.20
82,Georgi,Randles,grandles29@illinois.edu,Male,31.249.142.36
83,Balduin,Pinchen,bpinchen2a@goo.ne.jp,Male,7.140.113.208
84,Arin,Eaves,aeaves2b@flavors.me,Male,83.181.137.249
85,Natka,Riggott,nriggott2c@joomla.org,Female,61.137.164.34
86,Yulma,Morecomb,ymorecomb2d@psu.edu,Male,176.238.196.207
87,Idette,Garrique,igarrique2e@typepad.com,Female,142.214.101.102
88,Saundra,Kerley,skerley2f@army.mil,Female,162.83.249.221
89,Alfons,Forman,aforman2g@phoca.cz,Male,86.73.183.58
90,Braden,Feasby,bfeasby2h@hugedomains.com,Non-binary,175.16.244.94
91,Laraine,Mc Ilwrick,lmcilwrick2i@columbia.edu,Female,131.226.132.170
92,Claudelle,Blackader,cblackader2j@tripadvisor.com,Female,145.132.137.19
93,Kyle,Bridel,kbridel2k@github.io,Agender,116.216.1.74
94,Clayton,Onslow,conslow2l@taobao.com,Male,178.43.143.198
95,Faye,Kaye,fkaye2m@tamu.edu,Agender,182.250.154.61
96,Merrel,Shillingford,mshillingford2n@google.com.br,Male,250.76.150.136
97,Hymie,Koche,hkoche2o@virginia.edu,Male,154.112.59.192
98,Brit,Greet,bgreet2p@youtube.com,Male,198.160.136.213
99,Linoel,Wetherby,lwetherby2q@businessinsider.com,Male,221.204.54.46
100,Nathaniel,Bracken,nbracken2r@wunderground.com,Male,32.191.19.31
101,Vinny,Lyness,vlyness2s@webs.com,Male,175.183.111.39
102,Jewel,Oxford,joxford2t@apple.com,Female,138.122.101.233
103,Darb,Kesley,dkesley2u@phoca.cz,Male,226.86.238.173
104,Artie,Angless,aangless2v@alexa.com,Male,116.112.95.168
105,Kathye,Woodruff,kwoodruff2w@wiley.com,Female,155.70.2.17
106,Kerry,Guerriero,kguerriero2x@shinystat.com,Male,216.68.97.148
107,Hakim,Dumpleton,hdumpleton2y@cmu.edu,Male,33.31.28.225
108,Cathlene,Welfair,cwelfair2z@mtv.com,Female,35.254.112.164
109,Rivi,Farens,rfarens30@behance.net,Female,162.76.189.12
110,Aurelia,Waything,awaything31@baidu.com,Female,73.215.224.126
111,Galven,Giamitti,ggiamitti32@jugem.jp,Male,149.21.180.58
112,Artemas,Lambourne,alambourne33@ezinearticles.com,Bigender,98.146.32.144
113,Nancey,MacAndreis,nmacandreis34@163.com,Female,189.87.175.199
114,Grenville,Kobisch,gkobisch35@wikimedia.org,Male,252.11.254.136
115,Giffie,Coots,gcoots36@answers.com,Male,50.158.117.89
116,Spike,Eisikowitch,seisikowitch37@constantcontact.com,Male,84.52.112.227
117,Armand,O'Flaherty,aoflaherty38@imageshack.us,Male,242.186.213.2
118,Pepe,Rayner,prayner39@patch.com,Male,20.168.253.133
119,Essa,Parsonage,eparsonage3a@yelp.com,Female,213.252.194.156
120,Bell,Hedon,bhedon3b@is.gd,Female,149.184.58.173
121,Murdock,Andrzejowski,mandrzejowski3c@nps.gov,Male,13.81.167.190
122,Eben,Tivolier,etivolier3d@census.gov,Male,128.25.26.77
123,Simonette,Dorro,sdorro3e@mysql.com,Female,176.141.40.22
124,Maurise,Spight,mspight3f@wired.com,Female,213.58.168.227
125,Joleen,Sheavills,jsheavills3g@stumbleupon.com,Female,122.35.175.185
126,Odelle,Van den Velde,ovandenvelde3h@trellian.com,Female,109.101.212.99
127,Kile,Warrick,kwarrick3i@histats.com,Male,167.126.160.102
128,Chiquia,Topley,ctopley3j@flavors.me,Female,241.166.203.212
129,Killy,Bassford,kbassford3k@mail.ru,Male,175.172.6.196
130,Jacenta,Middlemass,jmiddlemass3l@dyndns.org,Female,97.113.95.188
131,Currie,Brent,cbrent3m@pagesperso-orange.fr,Male,32.91.8.178
132,Wilbert,Haysar,whaysar3n@seesaa.net,Polygender,136.107.177.33
133,Camel,Gallard,cgallard3o@ucoz.com,Agender,156.230.225.114
134,Bren,Fathers,bfathers3p@state.gov,Male,140.106.109.117
135,Lanny,Rodolphe,lrodolphe3q@nifty.com,Female,18.70.11.22
136,King,Yankov,kyankov3r@sohu.com,Male,151.180.142.33
137,Stefania,Yesenin,syesenin3s@mail.ru,Female,99.60.122.224
138,Sutherlan,Consterdine,sconsterdine3t@a8.net,Genderqueer,8.59.195.135
139,Levi,Derry,lderry3u@yale.edu,Genderqueer,255.222.214.211
140,Wilfred,Maun,wmaun3v@fotki.com,Genderfluid,43.244.232.81
141,Morgen,Sweett,msweett3w@ifeng.com,Female,181.97.177.160
142,Thibaud,Brolan,tbrolan3x@liveinternet.ru,Male,210.92.88.16
143,Salvidor,Ronisch,sronisch3y@gnu.org,Male,195.183.182.77
144,Andrey,Ianniello,aianniello3z@shutterfly.com,Male,199.251.28.178
145,Gianina,Roome,groome40@illinois.edu,Female,177.103.122.91
146,Katuscha,Whye,kwhye41@woothemes.com,Female,6.245.219.249
147,Lynnell,Screaton,lscreaton42@1und1.de,Female,206.80.193.217
148,Lammond,Backshaw,lbackshaw43@cbsnews.com,Male,0.79.25.166
149,Babbie,Danis,bdanis44@vk.com,Female,72.222.187.158
150,Evangeline,Baglow,ebaglow45@seattletimes.com,Female,10.24.151.3
151,Virgina,Videler,vvideler46@rediff.com,Female,82.57.32.238
152,Wendell,Litton,wlitton47@freewebs.com,Male,98.116.210.240
153,Teodoro,Bulled,tbulled48@goodreads.com,Male,150.240.85.166
154,Bernette,Safell,bsafell49@hubpages.com,Genderfluid,120.131.2.172
155,Pietra,Brugmann,pbrugmann4a@sun.com,Female,183.14.113.112
156,Tedmund,Willoughway,twilloughway4b@wired.com,Male,65.156.160.63
157,Kendre,Nix,knix4c@theguardian.com,Female,228.194.178.241
158,Albrecht,Dossantos,adossantos4d@mapy.cz,Male,233.172.10.41
159,Haydon,Coulbeck,hcoulbeck4e@wikipedia.org,Male,34.21.188.121
160,Ninnetta,Timms,ntimms4f@mozilla.org,Female,106.210.5.226
161,Darin,Sallan,dsallan4g@altervista.org,Male,208.200.5.247
162,Tani,Sixsmith,tsixsmith4h@nih.gov,Female,209.95.31.28
163,Libbey,Pettie,lpettie4i@bluehost.com,Female,72.225.114.52
164,Christel,Nigh,cnigh4j@wunderground.com,Female,191.138.103.47
165,Cris,Fermor,cfermor4k@jugem.jp,Bigender,82.169.40.31
166,Linc,Crocker,lcrocker4l@wufoo.com,Male,101.3.170.215
167,Padraig,Dionisio,pdionisio4m@bizjournals.com,Male,64.130.177.75
168,Chiquita,Treweke,ctreweke4n@wikipedia.org,Female,13.180.247.205
169,Riobard,Rawlings,rrawlings4o@baidu.com,Male,217.68.49.222
170,Elvira,Copyn,ecopyn4p@i2i.jp,Female,19.85.230.44
171,Tommi,Hurlin,thurlin4q@businessweek.com,Female,28.32.8.40
172,Christoper,Summerbell,csummerbell4r@oakley.com,Male,252.171.81.142
173,Abbye,Seeking,aseeking4s@cafepress.com,Female,82.210.96.46
174,Kelvin,Dyett,kdyett4t@about.com,Male,99.219.79.75
175,Susie,Conradie,sconradie4u@businessweek.com,Polygender,110.160.215.182
176,Arabella,Garlic,agarlic4v@ucsd.edu,Female,142.84.39.168
177,Mable,Flegg,mflegg4w@mozilla.com,Female,21.23.198.22
178,Hermie,Beneteau,hbeneteau4x@list-manage.com,Male,47.91.48.255
179,Caitlin,Hanley,chanley4y@prweb.com,Female,205.105.165.2
180,Jules,Greenwell,jgreenwell4z@addtoany.com,Male,234.122.116.149
181,Dante,Nial,dnial50@si.edu,Male,80.205.169.39
182,Pieter,Skade,pskade51@cbc.ca,Agender,182.31.139.251
183,Mitchael,De La Cote,mdelacote52@engadget.com,Male,163.98.220.86
184,Edgar,Kirkby,ekirkby53@usatoday.com,Male,255.157.180.86
185,Sharia,Ryson,sryson54@nbcnews.com,Female,31.45.213.119
186,Kathy,Clemence,kclemence55@theglobeandmail.com,Female,37.36.81.25
187,Orelia,Cochet,ocochet56@canalblog.com,Female,159.24.128.201
188,Suzette,Charrington,scharrington57@patch.com,Female,165.157.130.252
189,Sande,Glanville,sglanville58@shutterfly.com,Female,69.188.48.225
190,Mikol,Cornhill,mcornhill59@marketwatch.com,Non-binary,176.152.190.48
191,Huey,Hadigate,hhadigate5a@lycos.com,Male,159.49.185.93
192,Jordanna,Zanolli,jzanolli5b@storify.com,Female,5.184.232.117
193,Trescha,Stevings,tstevings5c@patch.com,Female,254.61.245.213
194,Cary,Curlis,ccurlis5d@facebook.com,Male,88.16.104.152
195,Liana,Southon,lsouthon5e@umich.edu,Female,13.251.39.242
196,Lea,Attrey,lattrey5f@usnews.com,Genderqueer,142.207.7.157
197,Juditha,Dumingo,jdumingo5g@icq.com,Female,184.208.29.187
198,Lolly,Abbado,labbado5h@timesonline.co.uk,Bigender,217.223.188.245
199,Giacinta,Battle,gbattle5i@google.es,Female,103.245.70.13
200,Sukey,Sugge,ssugge5j@miitbeian.gov.cn,Female,69.226.80.114
201,Jobyna,Ready,jready5k@businesswire.com,Genderqueer,99.175.235.187
202,Culley,Dreini,cdreini5l@hhs.gov,Male,153.233.81.245
203,Lucille,Boater,lboater5m@foxnews.com,Bigender,155.160.169.86
204,Darryl,Cubin,dcubin5n@dion.ne.jp,Genderqueer,206.72.250.173
205,Nixie,Tomaello,ntomaello5o@weather.com,Female,157.160.168.99
206,Blair,Kiledal,bkiledal5p@abc.net.au,Male,173.80.0.47
207,Octavius,Baskerville,obaskerville5q@google.ca,Male,27.163.14.44
208,Dion,Ringsell,dringsell5r@princeton.edu,Female,157.234.95.236
209,Wilow,Betteridge,wbetteridge5s@state.tx.us,Female,46.18.126.202
210,Shaughn,Lant,slant5t@msu.edu,Male,59.107.62.46
211,Roseanna,Rembaud,rrembaud5u@purevolume.com,Female,95.216.33.106
212,Elsa,MacAlroy,emacalroy5v@cafepress.com,Polygender,252.1.153.164
213,Anita,Thebe,athebe5w@t.co,Female,195.15.169.108
214,Rebe,Natalie,rnatalie5x@opensource.org,Female,71.161.152.215
215,Daphna,Robuchon,drobuchon5y@thetimes.co.uk,Genderqueer,143.151.186.85
216,Bessie,Greenstock,bgreenstock5z@yolasite.com,Agender,167.127.118.203
217,Bear,Velde,bvelde60@ca.gov,Male,248.104.140.149
218,Malorie,Quickfall,mquickfall61@youtu.be,Female,56.14.68.13
219,Allix,Dumberrill,adumberrill62@soup.io,Female,124.88.69.96
220,Grady,Campana,gcampana63@weather.com,Male,188.208.155.22
221,Felicity,Tizzard,ftizzard64@bing.com,Female,10.63.245.161
222,Killie,Zannotti,kzannotti65@trellian.com,Male,109.165.244.132
223,Barnie,Draycott,bdraycott66@independent.co.uk,Male,18.99.111.240
224,Rowe,Hatcliffe,rhatcliffe67@elegantthemes.com,Female,55.43.137.26
225,Kilian,Firminger,kfirminger68@examiner.com,Male,16.202.185.153
226,Jeannette,McJerrow,jmcjerrow69@webmd.com,Female,0.121.210.243
227,Elwyn,Andreasen,eandreasen6a@businessweek.com,Male,92.136.98.182
228,Ilsa,Attersoll,iattersoll6b@photobucket.com,Female,209.207.165.37
229,Lesley,Comelli,lcomelli6c@prweb.com,Female,66.114.172.211
230,Ladonna,Bayles,lbayles6d@phoca.cz,Female,239.148.192.31
231,Malory,Caught,mcaught6e@seesaa.net,Female,88.117.92.198
232,Sheppard,Boanas,sboanas6f@unesco.org,Male,232.0.61.50
233,Anatola,Dicken,adicken6g@desdev.cn,Female,121.210.93.116
234,Morry,Matfield,mmatfield6h@lulu.com,Male,82.181.164.225
235,Shandy,Abramsky,sabramsky6i@phpbb.com,Female,211.109.102.218
236,Ophelia,Paulet,opaulet6j@yellowpages.com,Female,122.238.70.14
237,Georgeanna,Stebbings,gstebbings6k@hc360.com,Female,113.198.129.191
238,Geordie,Libero,glibero6l@tripod.com,Male,43.54.13.214
239,Cy,Shipton,cshipton6m@japanpost.jp,Male,149.17.99.38
240,Benedetta,Middlemiss,bmiddlemiss6n@ovh.net,Female,178.14.106.14
241,Aidan,Tiler,atiler6o@sciencedirect.com,Female,136.88.99.92
242,Lorilyn,Swait,lswait6p@deviantart.com,Female,152.14.204.57
243,Theodora,Halward,thalward6q@nasa.gov,Female,79.71.236.121
244,Monte,Riddick,mriddick6r@spotify.com,Male,169.8.107.162
245,Cecilius,Hounsom,chounsom6s@1und1.de,Male,154.234.207.54
246,Ulla,Royce,uroyce6t@clickbank.net,Female,186.243.78.155
247,Cam,Adrienne,cadrienne6u@uol.com.br,Female,112.120.23.131
248,Martica,Taile,mtaile6v@lycos.com,Female,112.228.163.204
249,Adlai,Hindenberger,ahindenberger6w@yelp.com,Male,101.98.209.153
250,Sheppard,Scamerden,sscamerden6x@ifeng.com,Male,249.40.58.106
251,Hersh,MacIlraith,hmacilraith6y@bluehost.com,Male,119.31.121.231
252,Arch,Mongeot,amongeot6z@163.com,Male,138.9.118.196
253,Lyman,Fogg,lfogg70@dailymotion.com,Male,116.45.46.127
254,Nikolos,Engel,nengel71@naver.com,Genderqueer,20.218.199.141
255,Delcina,Coplestone,dcoplestone72@live.com,Female,246.218.117.102
256,Kylila,Backes,kbackes73@cdbaby.com,Female,181.177.82.164
257,Louella,Liepmann,lliepmann74@symantec.com,Female,184.126.67.173
258,Quincy,Coots,qcoots75@disqus.com,Male,130.140.75.24
259,Gaultiero,Schoenfisch,gschoenfisch76@nationalgeographic.com,Male,88.69.129.47
260,Ambrosius,Tinwell,atinwell77@miitbeian.gov.cn,Male,14.254.99.239
261,Margareta,Whyberd,mwhyberd78@uiuc.edu,Agender,47.184.193.201
262,Mort,Hughlock,mhughlock79@w3.org,Male,199.254.238.115
263,Josepha,Pinar,jpinar7a@csmonitor.com,Female,93.64.184.67
264,Gaby,Cettell,gcettell7b@drupal.org,Male,81.142.70.68
265,Cathee,Brosch,cbrosch7c@ovh.net,Female,43.11.93.25
266,Thoma,Swede,tswede7d@statcounter.com,Male,242.65.172.189
267,Scotty,Egle,segle7e@arstechnica.com,Male,243.20.34.201
268,Frances,Twydell,ftwydell7f@amazon.co.uk,Female,171.245.241.132
269,Ganny,Nerger,gnerger7g@nhs.uk,Male,249.82.106.13
270,Dom,Janaway,djanaway7h@vk.com,Male,149.9.163.139
271,Reeva,Croston,rcroston7i@unc.edu,Female,108.135.179.171
272,Jaquith,De la Feld,jdelafeld7j@fema.gov,Female,199.119.198.197
273,Myranda,Cud,mcud7k@about.com,Female,166.210.26.146
274,Justinn,Outlaw,joutlaw7l@timesonline.co.uk,Female,177.153.118.39
275,Rosco,Luetkemeyers,rluetkemeyers7m@stumbleupon.com,Male,24.55.189.43
276,Creight,Jordin,cjordin7n@umn.edu,Male,55.151.183.113
277,Pip,Swaisland,pswaisland7o@trellian.com,Male,159.150.89.82
278,Corry,Ivashkov,civashkov7p@google.co.uk,Female,128.43.10.177
279,Victor,Firebrace,vfirebrace7q@discuz.net,Male,45.158.0.154
280,Judah,Boncore,jboncore7r@skyrock.com,Male,174.66.45.33
281,Berkley,Darben,bdarben7s@unicef.org,Male,130.87.182.177
282,Jada,Houten,jhouten7t@admin.ch,Female,146.9.202.143
283,Charley,Fuentes,cfuentes7u@mysql.com,Male,51.253.29.247
284,Vannie,Lage,vlage7v@opensource.org,Female,94.121.4.25
285,Marcy,Cicchinelli,mcicchinelli7w@facebook.com,Female,90.198.250.228
286,Theo,Cantwell,tcantwell7x@tinypic.com,Agender,45.100.124.174
287,Becki,Perago,bperago7y@shinystat.com,Female,91.4.207.69
288,Moe,Leavry,mleavry7z@businessinsider.com,Male,45.232.45.95
289,Brande,Avann,bavann80@ucla.edu,Female,208.150.23.80
290,Rufus,Naptine,rnaptine81@illinois.edu,Male,253.223.20.142
291,Gertrudis,Stonhewer,gstonhewer82@wikia.com,Female,3.204.213.174
292,Trisha,Pilipets,tpilipets83@scientificamerican.com,Female,249.113.39.190
293,Jolene,Antonijevic,jantonijevic84@amazon.de,Female,159.171.212.42
294,Harriet,Rathjen,hrathjen85@pagesperso-orange.fr,Female,22.136.118.180
295,Dorothee,Habbeshaw,dhabbeshaw86@wikispaces.com,Female,13.243.82.188
296,Corella,Doles,cdoles87@de.vu,Female,131.10.174.159
297,Rowney,Cunniam,rcunniam88@fda.gov,Male,223.47.222.25
298,Candie,McGahey,cmcgahey89@exblog.jp,Female,114.85.223.155
299,Jakob,Frisby,jfrisby8a@i2i.jp,Male,254.245.194.187
300,Gisella,Prantl,gprantl8b@npr.org,Female,191.146.43.62
301,Norris,Vanyutin,nvanyutin8c@hostgator.com,Male,199.36.117.219
302,Julienne,O' Markey,jomarkey8d@cargocollective.com,Agender,51.97.96.140
303,Torey,Godard,tgodard8e@smh.com.au,Male,169.134.5.149
304,Emlyn,Busfield,ebusfield8f@seattletimes.com,Female,91.221.238.190
305,Annnora,Indgs,aindgs8g@google.nl,Female,209.5.94.31
306,Rossy,Mizzi,rmizzi8h@cocolog-nifty.com,Male,121.190.245.216
307,Norrie,Lusgdin,nlusgdin8i@bloglines.com,Male,86.51.150.72
308,Mignon,Mattosoff,mmattosoff8j@time.com,Female,207.190.36.36
309,Robena,Foro,rforo8k@networksolutions.com,Female,150.194.108.26
310,Abran,Entres,aentres8l@bbc.co.uk,Male,153.198.199.248
311,Anastasie,McJury,amcjury8m@vkontakte.ru,Female,187.185.101.74
312,Budd,Bramley,bbramley8n@163.com,Genderfluid,239.183.122.175
313,Bald,Goodbourn,bgoodbourn8o@techcrunch.com,Polygender,27.233.49.89
314,Van,Langthorne,vlangthorne8p@umich.edu,Male,138.17.69.234
315,Woodie,Haldenby,whaldenby8q@gravatar.com,Male,77.239.242.80
316,Zebedee,Greatham,zgreatham8r@ustream.tv,Male,13.161.245.165
317,Jodi,Hedde,jhedde8s@accuweather.com,Agender,13.58.100.217
318,Peg,Megroff,pmegroff8t@360.cn,Female,222.211.254.68
319,Theresina,Lowdham,tlowdham8u@zdnet.com,Female,52.240.174.51
320,Luise,Antosik,lantosik8v@creativecommons.org,Female,31.125.28.165
321,Karel,Abyss,kabyss8w@wikipedia.org,Male,55.251.72.43
322,Vinson,Brompton,vbrompton8x@umn.edu,Male,90.68.37.103
323,Howey,Searby,hsearby8y@geocities.com,Male,192.199.114.53
324,Haley,Lacy,hlacy8z@linkedin.com,Female,99.8.203.65
325,Herman,Bayman,hbayman90@columbia.edu,Male,190.185.76.190
326,Hatty,Kavanagh,hkavanagh91@ucoz.com,Female,164.77.67.173
327,Tad,Jikylls,tjikylls92@unblog.fr,Male,86.255.222.162
328,Javier,Bredgeland,jbredgeland93@barnesandnoble.com,Male,254.126.187.40
329,Aileen,Hanbidge,ahanbidge94@techcrunch.com,Female,12.243.26.196
330,Beverley,Petras,bpetras95@lycos.com,Female,4.80.7.75
331,Yule,Gillespey,ygillespey96@ed.gov,Male,157.216.90.220
332,Percival,Petters,ppetters97@tinyurl.com,Male,168.209.10.18
333,Noe,Toun,ntoun98@soup.io,Male,107.70.66.130
334,Marcile,Cattermole,mcattermole99@free.fr,Female,10.101.114.220
335,Gualterio,Doelle,gdoelle9a@foxnews.com,Male,224.58.75.238
336,Arlena,Langman,alangman9b@163.com,Female,154.151.153.242
337,Carson,Klampt,cklampt9c@domainmarket.com,Male,145.49.23.124
338,Theo,Kubin,tkubin9d@fema.gov,Male,206.78.36.73
339,Austen,Snookes,asnookes9e@oaic.gov.au,Male,190.149.177.203
340,Talbert,Nunnerley,tnunnerley9f@mit.edu,Agender,155.100.174.245
341,Celeste,McGenis,cmcgenis9g@nydailynews.com,Genderqueer,144.227.61.38
342,Kile,Goundrill,kgoundrill9h@si.edu,Male,208.250.77.212
343,Finlay,McConnell,fmcconnell9i@comsenz.com,Male,40.25.131.5
344,Ingaborg,Haliburton,ihaliburton9j@g.co,Female,216.209.133.144
345,Frannie,Redit,fredit9k@123-reg.co.uk,Female,106.197.40.149
346,Codie,Lindborg,clindborg9l@multiply.com,Male,177.228.89.68
347,Karla,Labbati,klabbati9m@linkedin.com,Female,186.114.38.136
348,Prudi,Huet,phuet9n@technorati.com,Female,37.246.120.64
349,Desdemona,Spohrmann,dspohrmann9o@homestead.com,Agender,98.106.79.171
350,Pinchas,Leopard,pleopard9p@weibo.com,Male,164.164.45.209
351,Dermot,Cave,dcave9q@sciencedaily.com,Male,156.225.197.110
352,Lydie,Dengate,ldengate9r@qq.com,Female,7.218.87.13
353,Martie,Harkins,mharkins9s@patch.com,Female,102.86.150.35
354,Raimund,Rathbourne,rrathbourne9t@spiegel.de,Male,197.255.113.236
355,Bertie,Oxley,boxley9u@rakuten.co.jp,Male,187.167.155.212
356,Gilbertine,Gilvear,ggilvear9v@springer.com,Female,246.108.190.247
357,Edith,Linwood,elinwood9w@wunderground.com,Female,93.157.20.121
358,Terrance,Ewbanke,tewbanke9x@yandex.ru,Male,19.59.82.186
359,Evelina,Locker,elocker9y@4shared.com,Female,92.68.7.138
360,Ileane,Mathy,imathy9z@multiply.com,Female,255.254.195.50
361,Archy,Osinin,aosinina0@123-reg.co.uk,Male,215.82.70.162
362,Mikkel,Bearman,mbearmana1@google.com.br,Genderfluid,87.31.78.122
363,Caren,Hennemann,chennemanna2@angelfire.com,Female,37.6.147.120
364,Vere,Dietz,vdietza3@storify.com,Female,151.29.178.115
365,Hildagarde,Gomery,hgomerya4@google.fr,Female,163.89.103.253
366,Hy,McDill,hmcdilla5@networksolutions.com,Male,68.240.156.244
367,Christye,Corselles,ccorsellesa6@purevolume.com,Female,6.197.175.199
368,Margie,O'Collopy,mocollopya7@soup.io,Female,253.90.197.136
369,Tulley,Uff,tuffa8@nih.gov,Male,166.57.123.139
370,Meredeth,Delahunty,mdelahuntya9@vinaora.com,Male,8.105.162.7
371,Freeman,Wharlton,fwharltonaa@youku.com,Male,25.0.243.72
372,Phelia,Matveiko,pmatveikoab@shareasale.com,Female,4.42.75.45
373,Eustace,Okell,eokellac@storify.com,Male,211.83.115.171
374,Byron,Roloff,broloffad@aol.com,Male,77.59.223.48
375,Kerianne,Coupe,kcoupeae@aol.com,Female,253.250.190.26
376,Neilla,Minghetti,nminghettiaf@lulu.com,Female,5.34.25.14
377,Malorie,Beaford,mbeafordag@chicagotribune.com,Female,113.162.28.43
378,Analise,Walkinshaw,awalkinshawah@surveymonkey.com,Non-binary,90.13.190.8
379,Halli,Bigglestone,hbigglestoneai@about.com,Female,235.33.83.228
380,Chelsy,Lashbrook,clashbrookaj@abc.net.au,Female,79.77.120.85
381,Alexandra,Deakin,adeakinak@webeden.co.uk,Female,21.21.18.80
382,Beatrix,Studholme,bstudholmeal@bluehost.com,Female,97.139.50.11
383,Zorah,Bartelet,zbarteletam@sfgate.com,Female,130.73.251.1
384,Gillie,Ouver,gouveran@va.gov,Female,78.112.148.92
385,Aymer,Corris,acorrisao@mysql.com,Male,245.196.121.37
386,Celisse,Avrahamoff,cavrahamoffap@netvibes.com,Female,28.163.143.49
387,Bradney,Gohn,bgohnaq@utexas.edu,Male,30.107.55.213
388,Arch,Liveley,aliveleyar@reuters.com,Male,15.254.180.200
389,Faber,Greeveson,fgreevesonas@aol.com,Male,108.9.129.77
390,Virginie,Kirtland,vkirtlandat@state.tx.us,Female,122.127.222.118
391,Obadias,Labbet,olabbetau@businessweek.com,Polygender,120.180.129.111
392,Elisa,Chalfain,echalfainav@bandcamp.com,Female,167.228.23.57
393,Aldric,MacFarlane,amacfarlaneaw@bluehost.com,Male,152.93.152.209
394,Carter,O'Reilly,coreillyax@berkeley.edu,Male,163.13.70.104
395,Penni,Waszkiewicz,pwaszkiewiczay@symantec.com,Female,113.50.107.75
396,Chastity,Kinnett,ckinnettaz@lycos.com,Female,67.12.84.147
397,Dalila,Rosoni,drosonib0@elegantthemes.com,Female,208.17.10.162
398,Normy,Spavon,nspavonb1@businessweek.com,Polygender,17.200.39.24
399,Susanne,Dancer,sdancerb2@prnewswire.com,Female,244.111.211.106
400,Enrika,Kember,ekemberb3@narod.ru,Female,58.38.112.30
401,Feodor,Parsall,fparsallb4@infoseek.co.jp,Male,6.139.123.44
402,Lawton,Reast,lreastb5@pinterest.com,Male,83.200.13.26
403,Neddy,Forsbey,nforsbeyb6@paypal.com,Bigender,210.151.160.221
404,Barclay,Dubs,bdubsb7@surveymonkey.com,Male,29.180.83.113
405,Dorree,Holyland,dholylandb8@globo.com,Female,33.31.158.92
406,Neal,Andras,nandrasb9@wired.com,Male,232.185.117.23
407,Jennilee,Gwioneth,jgwionethba@foxnews.com,Female,226.213.133.131
408,Aldus,Gavey,agaveybb@digg.com,Male,18.232.77.232
409,Wolf,Klimochkin,wklimochkinbc@g.co,Male,245.39.53.128
410,Trumann,Boykett,tboykettbd@china.com.cn,Male,206.138.123.116
411,Jerald,Critten,jcrittenbe@toplist.cz,Male,214.63.201.33
412,Olimpia,Guice,oguicebf@oracle.com,Female,147.125.87.179
413,Pasquale,McNerlin,pmcnerlinbg@seattletimes.com,Male,171.30.69.163
414,Essie,MacGuigan,emacguiganbh@tiny.cc,Female,171.222.65.95
415,Hillyer,Le Fevre,hlefevrebi@yahoo.co.jp,Male,145.215.186.240
416,Francis,Gilmore,fgilmorebj@biglobe.ne.jp,Male,33.228.241.241
417,Roley,Cardwell,rcardwellbk@addtoany.com,Male,155.105.173.151
418,Dick,Grima,dgrimabl@paypal.com,Male,14.180.252.167
419,Ase,Mains,amainsbm@homestead.com,Male,229.147.39.137
420,Xavier,Scotchbourouge,xscotchbourougebn@ibm.com,Male,46.74.185.223
421,Lisa,Novic,lnovicbo@pen.io,Female,230.78.70.81
422,Andee,Misken,amiskenbp@mozilla.org,Female,177.156.133.119
423,Hyacinthie,Torrans,htorransbq@nydailynews.com,Female,243.43.67.219
424,Jacki,Odom,jodombr@weibo.com,Female,70.78.15.204
425,Dilan,Pauley,dpauleybs@admin.ch,Male,29.40.208.77
426,Kristian,Woodhouse,kwoodhousebt@delicious.com,Male,242.150.103.100
427,Raul,Fursse,rfurssebu@acquirethisname.com,Male,211.34.33.30
428,Obadiah,Nordass,onordassbv@parallels.com,Male,57.180.219.180
429,Devi,Valentine,dvalentinebw@desdev.cn,Female,144.48.71.89
430,Ciro,Stollberg,cstollbergbx@shop-pro.jp,Male,56.131.39.168
431,Faber,Fearnley,ffearnleyby@google.cn,Male,99.38.245.46
432,Deb,Jonczyk,djonczykbz@timesonline.co.uk,Female,47.13.157.19
433,Tobye,Scowcroft,tscowcroftc0@blogger.com,Female,252.180.66.249
434,Maggi,MacSharry,mmacsharryc1@apple.com,Female,172.104.83.182
435,Sampson,Beckhurst,sbeckhurstc2@creativecommons.org,Male,191.232.60.213
436,Leticia,MacUchadair,lmacuchadairc3@topsy.com,Female,9.12.240.91
437,Boycey,Breen,bbreenc4@go.com,Male,209.99.102.247
438,Darya,Mossman,dmossmanc5@yolasite.com,Female,26.177.191.119
439,Jayme,McMurraya,jmcmurrayac6@unesco.org,Female,230.31.130.158
440,Zak,Rehor,zrehorc7@ucoz.ru,Male,212.36.221.50
441,Goraud,Britcher,gbritcherc8@apache.org,Male,149.79.119.46
442,Eric,Taaffe,etaaffec9@zimbio.com,Male,186.123.85.237
443,Winfred,Kaaskooper,wkaaskooperca@ning.com,Male,185.139.116.200
444,Marleah,Shiril,mshirilcb@a8.net,Female,79.151.236.26
445,Rorke,Dymock,rdymockcc@deliciousdays.com,Male,226.240.144.2
446,Patricio,Cleiment,pcleimentcd@com.com,Male,182.78.119.126
447,Axe,Tallet,atalletce@deliciousdays.com,Male,151.62.35.162
448,Merrielle,Vann,mvanncf@t-online.de,Female,247.235.140.105
449,Janka,Wickins,jwickinscg@mysql.com,Female,244.52.115.73
450,Carroll,Bentson,cbentsonch@g.co,Male,157.53.227.96
451,Sutton,Bird,sbirdci@upenn.edu,Male,7.244.85.159
452,Rosene,Gillford,rgillfordcj@usa.gov,Female,109.19.201.234
453,Biddy,Sheehan,bsheehanck@admin.ch,Female,243.191.70.177
454,Udell,Mart,umartcl@webs.com,Male,223.220.24.177
455,Izak,Fuge,ifugecm@godaddy.com,Male,155.157.212.84
456,Bobbette,Freire,bfreirecn@plala.or.jp,Female,77.180.29.94
457,Olimpia,Inch,oinchco@canalblog.com,Female,144.84.153.63
458,Bayard,Broadley,bbroadleycp@shutterfly.com,Male,189.219.8.251
459,Griffy,Brislen,gbrislencq@so-net.ne.jp,Male,175.0.51.217
460,Angelica,Gent,agentcr@acquirethisname.com,Female,82.120.92.98
461,Gerhard,Dymoke,gdymokecs@latimes.com,Male,246.3.161.3
462,Meghann,Soall,msoallct@biglobe.ne.jp,Agender,248.223.205.145
463,Yoshiko,Dinsell,ydinsellcu@engadget.com,Female,24.139.210.81
464,Nannette,Gallanders,ngallanderscv@example.com,Female,203.145.189.232
465,Sophie,Chrisp,schrispcw@redcross.org,Female,173.109.143.32
466,Hamlin,Worge,hworgecx@ucoz.com,Male,133.145.52.183
467,Clarey,Dorot,cdorotcy@tripadvisor.com,Female,217.67.41.23
468,Domenico,Awin,dawincz@earthlink.net,Male,51.186.33.8
469,Juliann,Markwelley,jmarkwelleyd0@seattletimes.com,Female,96.189.222.226
470,Tamiko,Norman,tnormand1@angelfire.com,Polygender,37.170.109.138
471,Bevon,Beavis,bbeavisd2@studiopress.com,Male,118.156.134.152
472,Betsey,Wolfenden,bwolfendend3@skyrock.com,Female,224.169.91.153
473,Kaine,Housiaux,khousiauxd4@delicious.com,Male,18.207.112.121
474,Vernor,Wagstaff,vwagstaffd5@si.edu,Male,239.237.168.1
475,Cash,Swainger,cswaingerd6@home.pl,Male,22.235.241.30
476,Mikey,Bacon,mbacond7@furl.net,Male,29.250.13.232
477,Ellie,Gwynn,egwynnd8@mayoclinic.com,Female,142.209.252.69
478,Brandtr,Kid,bkidd9@howstuffworks.com,Male,11.98.140.94
479,Edouard,Eagland,eeaglandda@yandex.ru,Male,150.248.42.123
480,Zea,Shambroke,zshambrokedb@ehow.com,Female,106.74.90.67
481,Oren,Eddison,oeddisondc@github.com,Genderqueer,51.74.218.188
482,Car,Moyne,cmoynedd@xinhuanet.com,Male,229.241.133.132
483,Micaela,Heersma,mheersmade@bing.com,Female,0.114.109.232
484,Haslett,Teideman,hteidemandf@multiply.com,Male,114.161.246.197
485,Lari,Chevis,lchevisdg@com.com,Female,114.177.100.12
486,Perry,Berns,pbernsdh@prlog.org,Male,123.21.213.254
487,Irvine,Lambell,ilambelldi@ox.ac.uk,Male,29.221.127.150
488,Emlyn,Shawley,eshawleydj@skyrock.com,Female,82.214.171.131
489,Violet,Breeze,vbreezedk@nationalgeographic.com,Female,77.39.108.96
490,Marja,McBain,mmcbaindl@mlb.com,Female,213.86.128.27
491,Anestassia,Edgehill,aedgehilldm@amazon.co.jp,Agender,226.202.124.15
492,Quinta,Upward,qupwarddn@dmoz.org,Female,74.154.65.217
493,Lira,Branthwaite,lbranthwaitedo@bandcamp.com,Female,82.30.79.196
494,Kizzie,McKeurtan,kmckeurtandp@edublogs.org,Female,195.173.159.136
495,Eugen,Wellington,ewellingtondq@accuweather.com,Male,175.83.53.82
496,Grantley,Clemmett,gclemmettdr@state.tx.us,Male,187.52.173.36
497,Aleece,Thams,athamsds@alexa.com,Female,2.207.94.215
498,Pippo,Leddie,pleddiedt@nature.com,Agender,130.189.254.220
499,Giselbert,Rosini,grosinidu@live.com,Male,117.213.5.232
500,Agnesse,Kassel,akasseldv@liveinternet.ru,Female,251.81.234.219
501,Dewie,Annatt,dannattdw@tumblr.com,Male,248.216.205.57
502,Gillian,Pottes,gpottesdx@example.com,Female,34.191.197.101
503,Thorn,Casley,tcasleydy@google.fr,Male,77.178.238.69
504,Matelda,Mellhuish,mmellhuishdz@google.fr,Bigender,80.42.111.196
505,Mason,Redfield,mredfielde0@utexas.edu,Male,137.145.59.35
506,Constantin,Muslim,cmuslime1@homestead.com,Male,95.202.224.4
507,Karna,Kersey,kkerseye2@theatlantic.com,Female,123.48.214.249
508,Ernie,Allflatt,eallflatte3@google.ru,Male,221.183.202.47
509,Vincenty,Itzhaki,vitzhakie4@histats.com,Genderfluid,153.72.116.6
510,Frankie,Durtnall,fdurtnalle5@netscape.com,Male,186.149.106.221
511,Gordy,Patley,gpatleye6@ustream.tv,Agender,27.59.26.56
512,Kippy,Haydn,khaydne7@ted.com,Male,12.164.93.30
513,Charla,Salvin,csalvine8@gov.uk,Polygender,133.73.128.117
514,Lyndell,Brede,lbredee9@pinterest.com,Female,90.216.170.100
515,Mort,Douglass,mdouglassea@blogger.com,Male,11.232.143.78
516,Raquela,Heatley,rheatleyeb@fotki.com,Female,160.9.14.105
517,Cassie,Esherwood,cesherwoodec@census.gov,Genderqueer,218.71.151.117
518,Dun,Youtead,dyouteaded@deviantart.com,Male,182.72.243.12
519,Donelle,Vuitte,dvuitteee@theglobeandmail.com,Female,143.125.249.42
520,Stephen,Alldritt,salldrittef@shinystat.com,Male,246.69.118.125
521,Mano,Dobing,mdobingeg@rambler.ru,Male,74.226.213.25
522,Selestina,Biggs,sbiggseh@ibm.com,Female,6.0.65.111
523,Kalindi,Eustes,keustesei@intel.com,Female,103.52.134.150
524,Dulcia,Semechik,dsemechikej@nps.gov,Female,91.130.7.225
525,Violet,Cory,vcoryek@discovery.com,Female,96.153.138.116
526,Dom,Smissen,dsmissenel@comsenz.com,Male,41.55.0.251
527,Pierson,Smithin,psmithinem@bloomberg.com,Male,198.15.171.157
528,Patience,Domenichini,pdomenichinien@sohu.com,Female,184.68.7.3
529,Adelaide,Tantum,atantumeo@si.edu,Female,8.211.94.58
530,Sonia,Joisce,sjoisceep@acquirethisname.com,Female,187.147.127.131
531,Jamaal,Spreag,jspreageq@nature.com,Male,15.224.208.13
532,Ilka,Sarjent,isarjenter@ibm.com,Genderfluid,210.120.204.165
533,Ephraim,Kesey,ekeseyes@ed.gov,Agender,167.152.152.242
534,Rockie,Brian,rbrianet@epa.gov,Male,226.214.109.129
535,Christiano,Sutterby,csutterbyeu@army.mil,Male,253.144.2.219
536,Devlin,Stayte,dstayteev@unicef.org,Male,252.1.74.233
537,Othilie,Matthai,omatthaiew@wikia.com,Female,152.59.110.67
538,Wally,Plaschke,wplaschkeex@wordpress.com,Female,75.172.35.54
539,Marjy,Sowle,msowleey@seesaa.net,Female,237.244.22.123
540,Ardella,Slessar,aslessarez@pcworld.com,Female,8.140.4.131
541,Anatole,Fathers,afathersf0@ycombinator.com,Male,138.135.176.185
542,Ynez,Ducroe,yducroef1@ed.gov,Female,228.196.25.133
543,Arleen,Tivenan,ativenanf2@cyberchimps.com,Female,87.184.73.167
544,Beverlee,Simpkin,bsimpkinf3@jimdo.com,Female,140.96.179.114
545,Isidro,Fairbourn,ifairbournf4@feedburner.com,Male,39.26.241.154
546,Konrad,Spawforth,kspawforthf5@sciencedirect.com,Male,120.32.160.252
547,Sofia,Fattori,sfattorif6@unicef.org,Female,127.28.22.95
548,Andra,Cordier,acordierf7@godaddy.com,Female,15.223.85.109
549,Beret,Presslie,bpresslief8@ehow.com,Female,176.9.165.56
550,Krystal,Waleran,kwaleranf9@yelp.com,Female,137.106.143.108
551,Rog,Symones,rsymonesfa@google.es,Male,141.22.65.10
552,Davie,Elegood,delegoodfb@vinaora.com,Male,82.201.220.236
553,Abey,Druitt,adruittfc@studiopress.com,Male,194.54.95.16
554,Andrew,Paulson,apaulsonfd@delicious.com,Male,67.194.68.161
555,Fanya,Lancett,flancettfe@theguardian.com,Non-binary,242.47.187.84
556,Brear,Laydel,blaydelff@sbwire.com,Female,163.122.53.17
557,Xenos,Penritt,xpenrittfg@ftc.gov,Male,39.251.252.153
558,Blinni,Hiley,bhileyfh@wordpress.com,Female,84.229.216.152
559,Johnna,Aleksahkin,jaleksahkinfi@google.nl,Female,151.6.44.246
560,Teddy,Jaslem,tjaslemfj@tumblr.com,Male,38.113.156.98
561,Chauncey,MacKaig,cmackaigfk@shop-pro.jp,Genderfluid,181.169.183.24
562,Allyce,Christoffe,achristoffefl@wikimedia.org,Female,34.15.182.4
563,Dolley,Baddiley,dbaddileyfm@storify.com,Female,37.106.34.154
564,Web,Kennady,wkennadyfn@nature.com,Male,99.36.133.14
565,Shanda,Hathaway,shathawayfo@addtoany.com,Female,63.214.194.157
566,Shayna,Marks,smarksfp@jimdo.com,Female,96.90.196.77
567,Monro,Fleckno,mflecknofq@pcworld.com,Male,71.2.40.131
568,Lark,Hember,lhemberfr@discovery.com,Female,25.123.198.128
569,Sofia,Clementel,sclementelfs@wufoo.com,Female,230.91.117.68
570,Cairistiona,Lomas,clomasft@artisteer.com,Female,200.220.75.195
571,Albertine,Wileman,awilemanfu@trellian.com,Female,6.112.14.79
572,Brit,Dennerly,bdennerlyfv@nydailynews.com,Female,84.82.173.125
573,Marysa,Glavias,mglaviasfw@yellowpages.com,Female,21.38.229.65
574,Noah,Beardwell,nbeardwellfx@ftc.gov,Male,110.70.165.198
575,Helli,Tolliday,htollidayfy@github.com,Female,61.79.142.102
576,Nikkie,Bilston,nbilstonfz@cisco.com,Agender,46.80.8.29
577,Francois,Mingus,fmingusg0@moonfruit.com,Male,198.55.240.171
578,Stevy,Beeby,sbeebyg1@theatlantic.com,Male,19.83.2.140
579,Tore,Meneux,tmeneuxg2@shinystat.com,Genderfluid,125.19.105.48
580,Raddy,Semens,rsemensg3@imdb.com,Male,87.133.213.236
581,Vanya,Waistell,vwaistellg4@so-net.ne.jp,Female,244.86.211.1
582,Juliana,Pudner,jpudnerg5@bizjournals.com,Genderfluid,235.80.113.30
583,Annaliese,Jendrich,ajendrichg6@livejournal.com,Female,15.141.86.120
584,Quillan,Record,qrecordg7@newsvine.com,Male,253.21.142.111
585,Cammi,Newstead,cnewsteadg8@drupal.org,Female,174.40.107.172
586,Jeannette,Bouzek,jbouzekg9@archive.org,Female,121.62.240.216
587,Rudd,Steinham,rsteinhamga@google.co.uk,Male,175.123.168.12
588,Vincent,Gillivrie,vgillivriegb@illinois.edu,Male,101.56.143.176
589,Kelsey,MacSorley,kmacsorleygc@twitter.com,Male,107.25.129.8
590,Auberon,Scott,ascottgd@chicagotribune.com,Male,60.59.238.23
591,Pauline,Hurne,phurnege@edublogs.org,Female,42.216.152.71
592,Shaylynn,Merton,smertongf@hibu.com,Female,96.51.232.233
593,Marietta,Abramovitch,mabramovitchgg@quantcast.com,Male,167.126.67.255
594,Molli,Lambdon,mlambdongh@opensource.org,Female,81.212.98.9
595,Gibb,Dillet,gdilletgi@gov.uk,Male,71.135.13.59
596,Lizzy,Deely,ldeelygj@soup.io,Female,88.50.146.239
597,Fianna,Roder,frodergk@baidu.com,Female,21.235.169.223
598,Josee,Rotter,jrottergl@issuu.com,Female,120.149.177.176
599,Dilan,Chatell,dchatellgm@feedburner.com,Male,5.165.101.83
600,Bald,Hitchens,bhitchensgn@hhs.gov,Polygender,223.250.219.228
601,Elijah,Seamarke,eseamarkego@youku.com,Male,229.174.11.235
602,Ros,Iacovides,riacovidesgp@rambler.ru,Female,203.188.20.183
603,Cory,Bolle,cbollegq@indiegogo.com,Male,174.202.105.223
604,Archaimbaud,Jillings,ajillingsgr@harvard.edu,Genderqueer,94.49.28.8
605,Annnora,Lanceley,alanceleygs@vistaprint.com,Female,144.105.62.79
606,Blakeley,Servante,bservantegt@yale.edu,Polygender,56.182.146.63
607,Cortney,Ghidetti,cghidettigu@yolasite.com,Female,197.195.187.66
608,Brit,Edington,bedingtongv@barnesandnoble.com,Female,154.28.150.172
609,Shawna,Connew,sconnewgw@mapy.cz,Female,53.54.181.207
610,Ainsley,Manach,amanachgx@mapy.cz,Female,181.152.54.26
611,Fin,Topling,ftoplinggy@huffingtonpost.com,Bigender,57.142.119.2
612,Curt,Folling,cfollinggz@digg.com,Male,57.98.199.156
613,Virgie,Wyldish,vwyldishh0@nifty.com,Male,85.103.68.61
614,Zedekiah,Linwood,zlinwoodh1@globo.com,Male,38.221.13.220
615,Emmalynn,Seacombe,eseacombeh2@flavors.me,Female,208.93.147.230
616,Fidelio,Lummus,flummush3@tiny.cc,Male,107.231.59.59
617,Jeff,O'Henehan,johenehanh4@feedburner.com,Male,19.44.70.154
618,Jilly,Dolohunty,jdolohuntyh5@alibaba.com,Female,36.173.157.148
619,Carolynn,Redington,credingtonh6@examiner.com,Female,222.132.154.240
620,Doreen,Brunetti,dbrunettih7@amazonaws.com,Female,214.24.255.6
621,Tedie,Izacenko,tizacenkoh8@oakley.com,Male,181.41.13.23
622,Karlan,Finlason,kfinlasonh9@tumblr.com,Male,13.143.226.34
623,Peri,Duggleby,pdugglebyha@e-recht24.de,Female,10.111.141.211
624,Jewel,MacDearmont,jmacdearmonthb@altervista.org,Female,237.188.157.109
625,Gerda,Caven,gcavenhc@ebay.com,Female,153.132.104.165
626,Isidor,Hedlestone,ihedlestonehd@youku.com,Male,70.134.120.83
627,Galvan,Lorryman,glorrymanhe@irs.gov,Male,207.224.105.1
628,Wendel,Budget,wbudgethf@cloudflare.com,Male,145.196.152.122
629,Kylynn,Solway,ksolwayhg@opera.com,Female,248.196.56.167
630,Piggy,Currer,pcurrerhh@geocities.com,Male,39.10.131.148
631,Elisa,Dysert,edyserthi@51.la,Female,38.183.49.166
632,Ancell,Howkins,ahowkinshj@hud.gov,Male,22.207.174.51
633,Gregg,Priter,gpriterhk@e-recht24.de,Male,175.68.115.56
634,Kerk,Hedditch,khedditchhl@telegraph.co.uk,Male,21.131.135.247
635,Sherilyn,Ivanenko,sivanenkohm@google.com.au,Female,21.95.82.233
636,Ikey,Ebertz,iebertzhn@upenn.edu,Male,36.176.101.35
637,Ivie,Bolle,ibolleho@stanford.edu,Female,163.186.226.195
638,Kellen,Moakson,kmoaksonhp@xrea.com,Genderfluid,66.7.48.3
639,Bancroft,Mussington,bmussingtonhq@technorati.com,Male,32.187.203.77
640,Jesus,Iwanowski,jiwanowskihr@cisco.com,Male,44.192.240.57
641,Wolf,Rought,wroughths@marriott.com,Male,169.58.246.240
642,Nicol,Alejandro,nalejandroht@squidoo.com,Agender,79.184.150.18
643,Fred,Vials,fvialshu@soundcloud.com,Female,152.167.52.183
644,Shirlene,Deadman,sdeadmanhv@oaic.gov.au,Female,34.31.48.88
645,Winonah,Duny,wdunyhw@mapy.cz,Agender,142.183.201.157
646,Norton,Halversen,nhalversenhx@vinaora.com,Male,255.202.39.70
647,Dori,Laible,dlaiblehy@myspace.com,Genderfluid,164.163.183.80
648,Manfred,Bennough,mbennoughhz@usa.gov,Male,116.74.91.26
649,Coreen,Josselson,cjosselsoni0@printfriendly.com,Female,131.142.111.38
650,Veda,Rockcliffe,vrockcliffei1@meetup.com,Female,82.5.211.126
651,Ruth,Jessope,rjessopei2@dailymail.co.uk,Female,231.192.239.220
652,Ryon,Kynder,rkynderi3@narod.ru,Genderqueer,178.58.178.147
653,Daveta,Wind,dwindi4@facebook.com,Female,88.15.46.162
654,Archaimbaud,Wordesworth,awordesworthi5@gnu.org,Male,64.127.151.38
655,Derry,Liffe,dliffei6@noaa.gov,Bigender,203.88.95.243
656,Burnaby,Elmes,belmesi7@opera.com,Male,87.110.41.2
657,Jareb,Harniman,jharnimani8@businessweek.com,Male,170.181.250.168
658,Evelyn,Zapater,ezapateri9@cpanel.net,Male,10.79.216.103
659,Stefanie,Fanstone,sfanstoneia@blogtalkradio.com,Female,174.205.153.225
660,Janos,Harmeston,jharmestonib@ycombinator.com,Male,218.121.154.94
661,Angelina,Pendergast,apendergastic@wsj.com,Female,68.248.38.179
662,Carrie,Lohde,clohdeid@discovery.com,Female,2.80.109.34
663,Florinda,Sharp,fsharpie@gravatar.com,Genderfluid,194.28.146.184
664,Joaquin,Tuson,jtusonif@rakuten.co.jp,Male,218.65.17.139
665,Puff,Jochanany,pjochananyig@goodreads.com,Male,119.8.183.225
666,Malynda,Dabney,mdabneyih@latimes.com,Female,40.239.255.34
667,Shelli,Charlon,scharlonii@reuters.com,Female,51.170.47.155
668,Ursa,Assiter,uassiterij@who.int,Female,57.134.78.105
669,Shelden,Ferebee,sferebeeik@photobucket.com,Male,65.44.204.178
670,Iseabal,Heed,iheedil@oakley.com,Female,202.15.237.46
671,Dennison,Tieman,dtiemanim@gizmodo.com,Male,179.119.111.139
672,Cindelyn,Swepson,cswepsonin@paypal.com,Female,8.239.153.217
673,Emmott,Spaughton,espaughtonio@msn.com,Male,194.173.197.151
674,Trudey,Nutbean,tnutbeanip@yahoo.co.jp,Female,196.231.170.103
675,Ardelia,McPaik,amcpaikiq@fda.gov,Female,209.137.102.133
676,Che,Thraves,cthravesir@psu.edu,Male,234.4.122.249
677,Shandeigh,Snary,ssnaryis@blog.com,Female,127.39.230.59
678,Kare,Enden,kendenit@gravatar.com,Female,16.122.37.158
679,Caritta,Egdal,cegdaliu@earthlink.net,Female,243.188.247.153
680,Mufi,Molen,mmoleniv@mayoclinic.com,Female,185.16.89.238
681,Martguerita,Down,mdowniw@163.com,Female,148.33.176.144
682,Mara,Ianinotti,mianinottiix@amazon.co.jp,Female,99.96.203.243
683,Gwennie,Dugood,gdugoodiy@ted.com,Female,76.188.219.7
684,Delcine,Dymocke,ddymockeiz@cyberchimps.com,Female,106.64.9.240
685,Rosy,Goforth,rgoforthj0@cbslocal.com,Female,142.30.189.209
686,Saw,Leigh,sleighj1@topsy.com,Male,136.186.195.201
687,Reagan,Wilcher,rwilcherj2@desdev.cn,Male,174.13.98.28
688,Rois,Woltering,rwolteringj3@tripadvisor.com,Female,249.101.169.35
689,Nicky,Hitzschke,nhitzschkej4@plala.or.jp,Female,99.119.105.222
690,Lanae,Kennefick,lkennefickj5@miibeian.gov.cn,Female,38.228.188.26
691,Lennard,Sotheby,lsothebyj6@harvard.edu,Male,186.123.135.100
692,Dulcine,Kenworthey,dkenwortheyj7@bloomberg.com,Female,109.238.53.246
693,Meghan,Apthorpe,mapthorpej8@wordpress.com,Female,203.149.178.152
694,Krisha,Kiely,kkielyj9@ucoz.com,Male,75.150.189.63
695,Christyna,Camillo,ccamilloja@google.fr,Female,78.1.254.58
696,Keslie,Makepeace,kmakepeacejb@is.gd,Female,54.132.73.220
697,Garv,Fookes,gfookesjc@squarespace.com,Agender,141.141.148.56
698,May,Smitherham,msmitherhamjd@smugmug.com,Female,128.159.61.155
699,Ludovico,Cushelly,lcushellyje@ucla.edu,Male,139.4.19.62
700,Asher,Whitloe,awhitloejf@paypal.com,Male,50.189.139.157
701,Pammy,MacKnocker,pmacknockerjg@bravesites.com,Female,4.185.230.180
702,Candis,Giron,cgironjh@hp.com,Agender,195.113.159.55
703,Jenilee,Eastup,jeastupji@redcross.org,Female,67.124.245.126
704,Guntar,Meneer,gmeneerjj@bbb.org,Male,106.17.1.234
705,Honoria,Diggens,hdiggensjk@eventbrite.com,Female,147.228.15.66
706,Thekla,Bonnick,tbonnickjl@hibu.com,Female,180.34.122.72
707,Alfonso,Roach,aroachjm@etsy.com,Male,161.132.118.226
708,Jere,Arendt,jarendtjn@yahoo.co.jp,Female,32.199.132.96
709,Ki,Birley,kbirleyjo@google.it,Female,11.45.173.131
710,Penny,Eringey,peringeyjp@smh.com.au,Female,177.184.65.20
711,Yancey,Penwarden,ypenwardenjq@naver.com,Male,77.119.252.179
712,Adrian,Pye,apyejr@google.nl,Male,57.210.216.218
713,Jeffie,Pozzi,jpozzijs@wikia.com,Male,22.113.101.28
714,Margaret,Tettley,mtettleyjt@1688.com,Female,246.195.59.52
715,Edvard,Gooddie,egooddieju@thetimes.co.uk,Male,57.84.57.13
716,Valentin,Joddins,vjoddinsjv@moonfruit.com,Male,48.143.75.46
717,Virgie,McConnel,vmcconneljw@bbc.co.uk,Male,70.238.25.225
718,Modestia,Egdale,megdalejx@fastcompany.com,Female,242.25.175.154
719,Thatcher,Pedreschi,tpedreschijy@reverbnation.com,Male,150.207.64.98
720,Elane,Wisdish,ewisdishjz@wp.com,Female,176.66.238.37
721,Rozele,Borgne,rborgnek0@samsung.com,Female,235.237.214.197
722,Gardener,Junes,gjunesk1@cafepress.com,Male,87.77.80.23
723,Brendin,Allinson,ballinsonk2@mediafire.com,Male,247.8.86.137
724,Bendicty,Leamon,bleamonk3@google.com,Male,44.167.136.34
725,Amata,Martins,amartinsk4@163.com,Female,205.231.142.174
726,Francene,Sexten,fsextenk5@theatlantic.com,Female,49.222.43.174
727,Albrecht,Churchman,achurchmank6@ibm.com,Genderqueer,63.148.28.57
728,Lezley,Ebbing,lebbingk7@census.gov,Male,155.219.124.193
729,Anatole,Ioselevich,aioselevichk8@acquirethisname.com,Male,252.10.192.131
730,Nicoli,Jeste,njestek9@hubpages.com,Female,22.219.225.92
731,Donna,Ferriman,dferrimanka@gizmodo.com,Female,35.67.72.170
732,Hershel,Goring,hgoringkb@dell.com,Male,207.193.246.28
733,Paige,Luna,plunakc@skype.com,Female,148.252.51.172
734,Ted,Stoile,tstoilekd@symantec.com,Male,231.2.116.225
735,Bee,Uzelli,buzellike@1688.com,Female,194.144.200.103
736,Howard,Chopping,hchoppingkf@ucoz.ru,Genderqueer,117.149.225.121
737,Nollie,Ethridge,nethridgekg@wp.com,Male,95.218.208.137
738,Davy,Kopta,dkoptakh@umich.edu,Male,224.209.20.170
739,Tildi,Silveston,tsilvestonki@quantcast.com,Female,207.21.168.192
740,Dyna,Gosz,dgoszkj@noaa.gov,Female,135.10.11.121
741,Valene,MacShirie,vmacshiriekk@tuttocitta.it,Female,245.246.76.187
742,Stacie,Cloke,sclokekl@bbc.co.uk,Female,104.20.213.7
743,Leia,Hardy-Piggin,lhardypigginkm@census.gov,Female,247.98.111.140
744,Ruy,Telega,rtelegakn@hao123.com,Male,168.84.61.112
745,Nestor,Hardwicke,nhardwickeko@shutterfly.com,Male,254.237.193.135
746,Johann,Heel,jheelkp@oaic.gov.au,Male,62.170.48.3
747,Aron,Janak,ajanakkq@miibeian.gov.cn,Male,129.174.250.74
748,Ginger,Crabbe,gcrabbekr@rambler.ru,Male,47.213.36.81
749,Lek,Waleworke,lwaleworkeks@usgs.gov,Male,113.21.241.15
750,Lanie,Pinkstone,lpinkstonekt@unblog.fr,Male,81.240.171.66
751,Dom,Seagar,dseagarku@nyu.edu,Male,254.8.253.23
752,Jeff,Gorrie,jgorriekv@pen.io,Male,179.196.122.193
753,Bartlet,O'Mannion,bomannionkw@springer.com,Male,227.95.59.148
754,Angelica,Calderonello,acalderonellokx@barnesandnoble.com,Female,24.6.124.21
755,Roanna,Pitney,rpitneyky@ebay.co.uk,Female,36.40.215.72
756,Stevena,Enrico,senricokz@jugem.jp,Female,25.89.198.94
757,Theda,Northeast,tnortheastl0@usatoday.com,Female,138.205.202.23
758,Shauna,Tellett,stellettl1@walmart.com,Female,208.251.180.145
759,Tommi,Welling,twellingl2@mozilla.org,Female,234.182.116.118
760,Daisie,Jonin,djoninl3@odnoklassniki.ru,Female,112.22.89.88
761,Garfield,Danilchev,gdanilchevl4@homestead.com,Male,79.173.18.117
762,Yulma,Perico,ypericol5@quantcast.com,Male,104.157.146.255
763,Ernst,Kitlee,ekitleel6@cbc.ca,Male,238.35.177.255
764,Natala,Larvor,nlarvorl7@springer.com,Female,156.165.130.218
765,Donella,Coldtart,dcoldtartl8@cbsnews.com,Female,152.43.227.200
766,Jeanelle,Odd,joddl9@yolasite.com,Female,44.59.32.245
767,Golda,Pesterfield,gpesterfieldla@weather.com,Female,187.118.17.89
768,Deloris,Mc Ilwrick,dmcilwricklb@walmart.com,Female,194.171.81.172
769,Eduardo,Cardenoso,ecardenosolc@feedburner.com,Male,246.16.240.139
770,Allison,Lahive,alahiveld@thetimes.co.uk,Female,46.40.250.162
771,Margery,Housecroft,mhousecroftle@printfriendly.com,Bigender,181.89.57.105
772,Shane,Giacobazzi,sgiacobazzilf@pinterest.com,Male,36.142.243.147
773,Corenda,Iacovo,ciacovolg@clickbank.net,Female,41.181.219.53
774,Alix,Simeoni,asimeonilh@redcross.org,Female,12.43.182.39
775,Corrina,Brooksbank,cbrooksbankli@walmart.com,Female,113.185.160.54
776,Kylie,Lamberth,klamberthlj@washington.edu,Male,24.100.218.4
777,Gilligan,Altoft,galtoftlk@cyberchimps.com,Bigender,37.199.118.206
778,Gracia,Moffatt,gmoffattll@aol.com,Female,107.180.219.69
779,Edouard,Winks,ewinkslm@wikimedia.org,Agender,84.198.43.58
780,Rochelle,Suero,rsueroln@jiathis.com,Female,246.76.11.103
781,Sandie,Heersma,sheersmalo@abc.net.au,Female,126.79.248.36
782,Rafi,Clemmett,rclemmettlp@vistaprint.com,Male,252.146.47.98
783,Cally,O' Cuolahan,cocuolahanlq@addtoany.com,Female,66.110.9.179
784,Rodrick,Tzarkov,rtzarkovlr@ezinearticles.com,Male,193.34.84.85
785,Danya,Halewood,dhalewoodls@youtu.be,Non-binary,14.10.116.103
786,Raviv,O'Noland,ronolandlt@pagesperso-orange.fr,Male,127.11.153.253
787,Hammad,Dickman,hdickmanlu@senate.gov,Male,198.116.236.170
788,Vere,Waye,vwayelv@fema.gov,Female,219.56.152.14
789,Corinna,Andreotti,candreottilw@theatlantic.com,Female,218.197.132.82
790,Bernice,Itscowics,bitscowicslx@cbsnews.com,Female,91.123.105.163
791,Sephira,Dixsee,sdixseely@blog.com,Female,87.10.28.73
792,Brendis,Stanner,bstannerlz@webeden.co.uk,Male,88.213.145.201
793,Guss,Guiducci,gguiduccim0@bizjournals.com,Male,50.245.22.249
794,Roxanne,Waye,rwayem1@goo.gl,Female,132.72.244.199
795,Lennie,Meiner,lmeinerm2@cnn.com,Bigender,147.172.167.216
796,Sanford,Brody,sbrodym3@moonfruit.com,Male,1.247.14.15
797,Felicity,Niese,fniesem4@de.vu,Female,30.73.93.167
798,Thorny,Dunseith,tdunseithm5@tripadvisor.com,Male,158.235.93.232
799,Martguerita,Scamp,mscampm6@stanford.edu,Female,141.239.119.83
800,Donella,Milazzo,dmilazzom7@tripadvisor.com,Female,47.4.78.225
801,Guendolen,Matkovic,gmatkovicm8@yahoo.com,Female,153.231.231.125
802,Nicolle,MacComiskey,nmaccomiskeym9@sohu.com,Female,18.33.206.164
803,Antoni,McDowall,amcdowallma@loc.gov,Male,92.242.174.65
804,Tammi,Detoc,tdetocmb@discuz.net,Female,112.12.38.9
805,Adi,Bergeau,abergeaumc@privacy.gov.au,Female,10.208.144.10
806,Andreas,Kensy,akensymd@upenn.edu,Male,109.71.149.161
807,Uri,Roskruge,uroskrugeme@squarespace.com,Male,150.26.65.65
808,Bjorn,Jeenes,bjeenesmf@tripod.com,Male,196.193.161.224
809,Stephanus,McGuinley,smcguinleymg@wix.com,Male,35.54.1.155
810,Augie,Scotfurth,ascotfurthmh@linkedin.com,Male,46.160.245.215
811,Cissiee,Briggs,cbriggsmi@histats.com,Female,188.64.105.157
812,Yulma,Speaks,yspeaksmj@youtu.be,Male,147.117.242.245
813,Addison,McGuirk,amcguirkmk@booking.com,Genderfluid,126.102.183.190
814,Vinni,Guare,vguareml@newsvine.com,Female,197.68.72.128
815,Huntley,Hembery,hhemberymm@fc2.com,Male,9.74.142.207
816,Leta,Brundell,lbrundellmn@apple.com,Female,14.252.106.121
817,Devin,Lapsley,dlapsleymo@amazon.com,Female,47.130.96.161
818,Ezechiel,De Malchar,edemalcharmp@mozilla.org,Male,255.39.108.28
819,Wally,Rapi,wrapimq@mozilla.com,Female,8.123.64.15
820,Winona,Lovejoy,wlovejoymr@usatoday.com,Female,243.251.187.14
821,Lindie,De Ortega,ldeortegams@icq.com,Female,146.204.184.112
822,Aldric,Joyson,ajoysonmt@google.cn,Male,12.162.144.119
823,Kristal,Speerman,kspeermanmu@eepurl.com,Female,129.233.169.63
824,Thomas,Allibon,tallibonmv@t.co,Male,165.206.211.47
825,Alexia,Haysey,ahayseymw@sourceforge.net,Female,159.0.18.167
826,Phillis,Caddy,pcaddymx@delicious.com,Female,78.45.23.68
827,Leilah,Dungate,ldungatemy@sakura.ne.jp,Female,195.252.91.111
828,Myrtice,Gooderidge,mgooderidgemz@reverbnation.com,Female,245.91.105.165
829,Trevar,Waterland,twaterlandn0@google.com.hk,Genderfluid,136.227.146.55
830,Lynne,Duval,lduvaln1@domainmarket.com,Bigender,215.158.108.136
831,Domeniga,Horley,dhorleyn2@ftc.gov,Female,96.128.204.231
832,Horten,Cuttelar,hcuttelarn3@pbs.org,Genderqueer,161.92.161.191
833,Horacio,Dmtrovic,hdmtrovicn4@bloglines.com,Male,136.76.209.209
834,Redford,Benduhn,rbenduhnn5@chron.com,Agender,189.216.195.54
835,Ella,Week,eweekn6@senate.gov,Female,39.186.242.39
836,Conrado,Manes,cmanesn7@umich.edu,Male,130.197.185.150
837,Mose,Flynn,mflynnn8@china.com.cn,Male,122.227.79.162
838,Ave,Avrahamy,aavrahamyn9@usda.gov,Male,123.127.222.5
839,Dee,Tillman,dtillmanna@alexa.com,Female,68.89.82.224
840,Iolande,Curtois,icurtoisnb@ibm.com,Female,211.38.183.241
841,Trudy,De Matteis,tdematteisnc@google.com.hk,Female,37.106.198.39
842,Haleigh,Vellender,hvellendernd@earthlink.net,Male,196.190.78.120
843,Melony,Dufour,mdufourne@live.com,Female,209.26.69.122
844,Hesther,Ovenell,hovenellnf@parallels.com,Female,148.137.216.71
845,Tucky,Sautter,tsautterng@nba.com,Male,203.211.160.73
846,Neysa,Glenwright,nglenwrightnh@instagram.com,Female,129.166.68.152
847,Miguelita,Gossage,mgossageni@nps.gov,Agender,69.223.202.225
848,Eadmund,Giamitti,egiamittinj@usnews.com,Male,87.125.212.34
849,Rowe,McKennan,rmckennannk@yellowbook.com,Female,211.21.54.122
850,Rod,Tregunna,rtregunnanl@e-recht24.de,Male,156.135.43.248
851,Gwenora,Gilding,ggildingnm@businessweek.com,Female,155.239.42.147
852,Laetitia,Muddiman,lmuddimannn@nymag.com,Female,170.64.101.90
853,Cherish,Noor,cnoorno@list-manage.com,Female,229.59.198.138
854,Conway,Segge,cseggenp@jimdo.com,Male,170.210.59.1
855,Consalve,Mottinelli,cmottinellinq@sphinn.com,Male,5.245.157.168
856,Ashely,Blazey,ablazeynr@163.com,Female,180.84.239.71
857,Zerk,Barribal,zbarribalns@mtv.com,Male,250.130.21.137
858,Ardyth,Brach,abrachnt@flickr.com,Female,147.95.227.138
859,Jonathan,Bogey,jbogeynu@blogspot.com,Male,173.31.142.131
860,Juliet,Meddows,jmeddowsnv@privacy.gov.au,Female,124.108.243.248
861,Rebeka,Rozalski,rrozalskinw@hibu.com,Female,136.39.127.198
862,Gasper,Petrazzi,gpetrazzinx@alibaba.com,Agender,27.254.38.194
863,Corabella,Bernlin,cbernlinny@altervista.org,Female,166.241.211.230
864,Eva,Symms,esymmsnz@barnesandnoble.com,Female,0.132.30.62
865,Kimball,Maine,kmaineo0@ted.com,Male,175.174.255.132
866,Susann,Chasson,schassono1@deliciousdays.com,Female,8.139.231.207
867,Kelley,Petz,kpetzo2@pbs.org,Male,182.254.21.33
868,Vassili,Limprecht,vlimprechto3@multiply.com,Male,109.177.162.28
869,Sheffield,Ord,sordo4@auda.org.au,Male,1.105.4.52
870,Courtney,Rolph,crolpho5@example.com,Female,75.38.82.97
871,Valli,Oakwell,voakwello6@reuters.com,Female,168.138.132.211
872,Lyndsay,Eberst,lebersto7@people.com.cn,Female,32.1.56.31
873,Gabrila,Culbert,gculberto8@amazonaws.com,Female,176.103.136.59
874,Brennen,Wallhead,bwallheado9@purevolume.com,Male,105.23.188.138
875,Blondie,Woodcraft,bwoodcraftoa@domainmarket.com,Female,5.64.64.117
876,Germana,Macy,gmacyob@mac.com,Female,59.167.67.138
877,Lawrence,Jahner,ljahneroc@cbslocal.com,Male,184.232.200.58
878,Calli,Vallender,cvallenderod@a8.net,Female,173.227.165.218
879,Lynette,Pountain,lpountainoe@sourceforge.net,Female,12.161.244.155
880,Halsy,Floris,hflorisof@canalblog.com,Male,244.174.114.255
881,Devin,Glasscoe,dglasscoeog@yandex.ru,Male,172.138.173.180
882,Rozanna,Grene,rgreneoh@mozilla.org,Female,0.55.227.53
883,Augustine,Coarser,acoarseroi@spiegel.de,Female,153.4.61.239
884,Karlik,Gehrels,kgehrelsoj@reference.com,Bigender,26.144.195.24
885,Ardith,Woodruffe,awoodruffeok@ycombinator.com,Female,108.97.76.98
886,Mikel,Brech,mbrechol@google.ru,Male,76.119.49.159
887,Olav,Prowting,oprowtingom@sina.com.cn,Male,24.254.15.64
888,Griz,Speddin,gspeddinon@imageshack.us,Male,99.59.202.176
889,Merilee,Alesio,malesiooo@facebook.com,Genderqueer,207.86.41.201
890,Iris,Ridgway,iridgwayop@gnu.org,Female,97.29.251.138
891,Tadio,Kernes,tkernesoq@gnu.org,Male,253.83.145.72
892,Isabeau,Valance,ivalanceor@zdnet.com,Non-binary,57.161.164.232
893,Pat,Ciepluch,pciepluchos@behance.net,Male,32.0.245.221
894,Janessa,Mearns,jmearnsot@java.com,Female,69.39.70.190
895,Nefen,Rimmington,nrimmingtonou@exblog.jp,Male,158.73.8.24
896,Katalin,Sambidge,ksambidgeov@phoca.cz,Female,193.208.65.236
897,Danyette,Oswick,doswickow@paypal.com,Female,183.75.76.199
898,Owen,Ciccoloi,ociccoloiox@goodreads.com,Male,217.227.124.95
899,Bram,Bernardoni,bbernardonioy@trellian.com,Male,4.220.252.62
900,Catriona,Climer,cclimeroz@google.es,Female,130.126.162.32
901,Sigismondo,Eagleston,seaglestonp0@examiner.com,Male,208.24.126.227
902,My,Andreichik,mandreichikp1@dmoz.org,Male,2.4.218.106
903,Basil,Smurfit,bsmurfitp2@arizona.edu,Agender,228.12.63.202
904,Monty,Runcie,mrunciep3@craigslist.org,Male,172.152.137.235
905,Mitchael,Jannex,mjannexp4@ucoz.com,Male,142.147.35.76
906,Cob,Ranson,cransonp5@freewebs.com,Male,160.32.51.192
907,Milly,Trangmar,mtrangmarp6@ft.com,Female,203.119.209.151
908,Kele,Sooley,ksooleyp7@craigslist.org,Male,77.2.108.251
909,Marita,Croasdale,mcroasdalep8@about.com,Genderqueer,160.148.197.6
910,Linzy,Satterlee,lsatterleep9@multiply.com,Female,194.30.97.242
911,Ange,Dunkerk,adunkerkpa@woothemes.com,Male,51.241.138.31
912,Wilfrid,Pescott,wpescottpb@ca.gov,Male,133.192.107.216
913,Claus,Drysdall,cdrysdallpc@state.gov,Male,102.104.107.11
914,Hyacinthie,Sallans,hsallanspd@last.fm,Female,239.233.68.51
915,Spense,Harnott,sharnottpe@intel.com,Male,122.117.101.94
916,Waneta,Bartlomiej,wbartlomiejpf@hubpages.com,Genderfluid,8.225.64.179
917,Kellia,Bradnick,kbradnickpg@mozilla.com,Female,68.163.212.35
918,Andras,Papaccio,apapaccioph@boston.com,Male,189.164.235.62
919,Salmon,Domb,sdombpi@alibaba.com,Male,2.10.74.251
920,Hayward,O'Kuddyhy,hokuddyhypj@simplemachines.org,Male,199.181.245.26
921,Mina,Hourstan,mhourstanpk@ftc.gov,Bigender,161.141.26.14
922,Hallsy,Antoszewski,hantoszewskipl@unc.edu,Male,62.111.47.203
923,Dore,Skipp,dskipppm@hostgator.com,Male,248.225.45.88
924,Adolpho,Bycraft,abycraftpn@gravatar.com,Male,21.45.180.154
925,Leigh,Hembrow,lhembrowpo@netlog.com,Male,141.230.45.100
926,Jacinta,Weal,jwealpp@buzzfeed.com,Female,82.75.49.76
927,Marve,Pointin,mpointinpq@alibaba.com,Male,203.3.51.72
928,Cloris,Aim,caimpr@nba.com,Female,136.194.8.46
929,Gav,Sorel,gsorelps@salon.com,Male,134.159.208.194
930,Yank,Bramwell,ybramwellpt@microsoft.com,Male,156.106.225.164
931,Rodie,Drew-Clifton,rdrewcliftonpu@blogger.com,Female,252.235.115.236
932,Hayley,Carnalan,hcarnalanpv@go.com,Female,30.107.85.178
933,Dante,O'Gaven,dogavenpw@theatlantic.com,Male,44.235.65.119
934,Ella,MacNair,emacnairpx@t.co,Female,130.160.52.0
935,Keefer,Petty,kpettypy@cornell.edu,Male,234.28.36.225
936,Dwain,Trippack,dtrippackpz@yellowpages.com,Male,248.231.11.42
937,Axe,Parlatt,aparlattq0@gnu.org,Male,223.142.21.92
938,Evania,Chatan,echatanq1@yahoo.com,Female,220.183.9.5
939,Joelie,Priditt,jpridittq2@ca.gov,Female,227.5.30.167
940,Bank,Lackie,blackieq3@nps.gov,Male,194.227.210.110
941,Cassaundra,Segar,csegarq4@phoca.cz,Genderqueer,240.41.24.13
942,Tyne,Doret,tdoretq5@gnu.org,Female,178.228.140.95
943,Winthrop,Font,wfontq6@e-recht24.de,Genderqueer,44.205.8.212
944,Lorin,Power,lpowerq7@arstechnica.com,Bigender,116.113.60.90
945,Valli,Skade,vskadeq8@bravesites.com,Female,192.85.77.100
946,Bebe,Cammocke,bcammockeq9@xing.com,Female,38.51.240.70
947,Penrod,Fall,pfallqa@domainmarket.com,Male,151.18.145.165
948,Gran,Lampbrecht,glampbrechtqb@qq.com,Male,223.84.65.236
949,Pearline,Heathcote,pheathcoteqc@prweb.com,Female,138.37.217.184
950,Vivyan,Trippett,vtrippettqd@answers.com,Female,151.173.41.185
951,Giustina,Camelli,gcamelliqe@narod.ru,Female,195.38.90.77
952,Neil,Leckenby,nleckenbyqf@w3.org,Male,185.66.7.57
953,Annalee,Swarbrick,aswarbrickqg@sciencedirect.com,Non-binary,237.41.56.32
954,Boyce,Parkyn,bparkynqh@army.mil,Male,80.188.172.176
955,Maison,Cauthra,mcauthraqi@engadget.com,Male,180.185.121.30
956,Immanuel,Girdwood,igirdwoodqj@vk.com,Male,203.88.239.105
957,Breena,Pountain,bpountainqk@nasa.gov,Female,169.59.100.217
958,Hewet,Trewhitt,htrewhittql@prnewswire.com,Male,189.178.57.37
959,Loella,Treadger,ltreadgerqm@huffingtonpost.com,Female,126.71.153.95
960,Torrie,McCorkindale,tmccorkindaleqn@diigo.com,Female,140.244.163.176
961,Clarke,Mancell,cmancellqo@nationalgeographic.com,Male,72.12.231.213
962,Clemmy,Pordall,cpordallqp@nba.com,Male,192.54.74.20
963,Veradis,Impy,vimpyqq@people.com.cn,Female,196.81.195.236
964,Bud,Edmonson,bedmonsonqr@wufoo.com,Agender,247.155.23.139
965,Ellsworth,Moatt,emoattqs@posterous.com,Male,162.23.181.43
966,Wang,Bartosek,wbartosekqt@skyrock.com,Male,43.232.8.39
967,Nicolette,Gascoine,ngascoinequ@google.ca,Female,222.208.209.51
968,Sibyl,McCaig,smccaigqv@hc360.com,Male,159.158.177.232
969,Augy,McKibbin,amckibbinqw@ihg.com,Male,148.115.102.198
970,Basilio,Crossfeld,bcrossfeldqx@wiley.com,Male,251.104.202.131
971,Onida,Leborgne,oleborgneqy@theglobeandmail.com,Female,236.147.113.172
972,Hermy,Gergus,hgergusqz@buzzfeed.com,Non-binary,211.168.255.35
973,Jenilee,Shambrook,jshambrookr0@chron.com,Female,143.66.158.10
974,Ezra,Westwell,ewestwellr1@elpais.com,Male,238.198.184.8
975,Bella,Ashton,bashtonr2@istockphoto.com,Female,81.13.183.160
976,Jaquelyn,Bendig,jbendigr3@paypal.com,Female,70.37.162.26
977,Nellie,Keigher,nkeigherr4@un.org,Female,226.94.99.31
978,Gery,Foggo,gfoggor5@google.fr,Male,26.29.114.70
979,Dolly,Boam,dboamr6@youku.com,Female,51.111.199.28
980,Thea,Esseby,tessebyr7@usa.gov,Female,140.240.56.9
981,Patsy,Curtin,pcurtinr8@state.tx.us,Genderfluid,14.103.88.84
982,Annadiane,Dalrymple,adalrympler9@theglobeandmail.com,Female,253.175.172.95
983,Aleen,Siddall,asiddallra@nifty.com,Polygender,144.29.150.29
984,Hector,Rushsorth,hrushsorthrb@php.net,Male,57.21.146.111
985,Lewie,Semaine,lsemainerc@printfriendly.com,Male,212.145.87.201
986,Jermaine,Leavey,jleaveyrd@is.gd,Male,117.236.96.227
987,Tarrah,Gogerty,tgogertyre@toplist.cz,Female,167.235.54.250
988,Byrom,Cassel,bcasselrf@nih.gov,Male,131.201.134.107
989,Brittne,Bluschke,bbluschkerg@blogspot.com,Female,62.226.85.56
990,Irma,Seargeant,iseargeantrh@who.int,Female,15.87.122.230
991,Romain,Holby,rholbyri@360.cn,Bigender,116.164.24.201
992,Marielle,Waldram,mwaldramrj@pen.io,Female,6.170.89.124
993,Luelle,O'Fairy,lofairyrk@nih.gov,Agender,109.172.122.223
994,Colline,Bertomieu,cbertomieurl@infoseek.co.jp,Female,119.241.134.232
995,Derrek,Mullenger,dmullengerrm@altervista.org,Male,197.216.88.102
996,Jack,O'Ruane,joruanern@ftc.gov,Male,121.118.107.150
997,Faustina,Bonnell,fbonnellro@angelfire.com,Female,178.152.243.11
998,Ferdinande,Kmiec,fkmiecrp@pbs.org,Female,113.108.249.247
999,Donna,Russam,drussamrq@deviantart.com,Female,118.254.220.80
1000,Mitchell,Probets,mprobetsrr@amazon.com,Male,10.37.10.142
